en	zh	note
abstraction	抽象
acquisition planning	习得规划
act of identity	认同行为
actuation	起始
additive bilingualism	附加性双语现象
address term	称呼语/称谓
adjacency pair	邻接对
adstratum language	傍层语言
African-American Vernacular English (AAVE)	非洲裔美国人英语方言
age grade	年龄级差
age stratification	年龄分层
anecdotal sample	偶遇取样
anthropological linguistics	人类学语言学
apparent time	显像时间	又译「表观时间」
approach	路径/路向
appropriateness	得体性
assumption	假定
audience design	听众设计	Bell
axiom of categoricity	范畴性原理
axiom of variability	变异性原理
baby talk	稚语
bilingualism	双语现象
borrowing	借用
bundle of isoglosses	同言线束
category	范畴
chain shift	音链变化
change from above	意识变化	即「自上而下的变化」
change from below	未意识变化	即「自下而上的变化」
change in progress	进行中变化
cluster	聚合圈
code-switching	语码转换
code-mixing	语码混合
cognate words	同源词
cognition	认知
common language	共同语
communicative competence	交际能力
communicative density	交际密度
communicative event	交际事件
communicative situation	交际场景
communication accommodation theory (CAT)	交际顺应理论
community	群体/共同体
community of practice	实践共同体
concept	概念
constraint	制约
construct	构念
constructivism	建构论
context	语境
contextualization cue	语境化提示
continuum	连续体
convergence	趋同
conversation analysis (CA)	会话分析学
conversational analysis	会话分析
conversational implicature	会话含义
conversational inference	会话推断
conversational strategy/discourse strategy	会话策略
conversational structure	会话结构
conversational style	会话风格
cooperative principle (CP)	合作原则
corpus planning	本体规划
correlation	相关关系
covariance	共变性
covariation	共变
covert prestige	潜在声望/隐性声望
credibility	可靠性
creole	克里奥耳语
creolization	克里奥耳化
critical discourse analysis	批判性话语分析/批评话语分析
critical linguistics	批评语言学
crossover pattern	超越模式
cultural anthropology	文化人类学
cultural identity	文化认同
curvilinear pattern	弧线模式/曲线模式
decreolization	去克里奥耳化
deduction	演绎
deficit hypothesis	缺陷论
density	密度
dependent variable	依变项
dialect	方言
dialect atlas	方言地图集
dialect division	方言区划
dialect geography	方言地理学
dialect grouping	方言分区
dialect island	方言岛
dialect map	方言地图
dialectology	方言学
difference	差异/差别
diglossia	双言制
discourse analysis	话语分析
discourse marker	话语标记
disposition	性情倾向
dispreferred sequence	非合意序列
distinguishing feature	区别性特征
divergence	求异
diversity	多样性
domain	场域/领域
dominance	主导
dramaturgical theory	拟剧理论
dualism	二元论
dualization	二元化
dynamic	动态
elaborated code	复杂语码
elicitation technique	诱说法
embedded language	嵌入语言
embedding	嵌入
embedding sequence	内嵌序列
empirical discipline	经验性学科
empirical research	经验研究/实证研究
empiricism	经验主义
encounter	交往/相遇
endangered language	濒危语言
ethnic group	族群/少数民族
ethnic identity	民族认同
ethnographer	民族志学者
ethnography	民族志学
ethnography of communication	交际民族志学
ethnography of speaking	言谈民族志学
ethnolinguistic identity theory	民族语言认同理论
ethnolinguistic vitality	民族语言生命力
ethnolinguistics	民族语言学
ethnomethodology	常人方法学
evaluation	评价
evaluation test	评价测验
evidence	证据
exchange structure	交换结构
explanatory power	解释力
extended diglossia	扩展式双言制
external constraint	外部制约
external linguistics	外部语言学
extreme variant	极端变式
face	面子
face-threatening act	威胁面子行为
face-work theory	面子行为理论
falsification	证伪
family-tree model	谱系树模型
fashion of speaking/mode of speaking	说话方式
female register	女性语体
female script	女书
feminism	女性主义
feminist movement	女权运动
field	语场/领域
field work	田野工作/实地调查
fine stratification	细微分化
focused interaction	聚焦式互动
formal style	正式语体
framework/frame	框架
free variation	自由变异
frequency	频率
functional variety	功能变体
gender	社会性别
gender paradox	性别悖论
generalization	概括
geographical diffusion	地理扩散
geographical linguistics	地理语言学
global English	全球英语
group	集体/集团
habitus	惯习
hedge	闪避词
high-involvement style	高度投入风格
high variety (H)	高变体
historical linguistics	历史语言学
homogeneity	同质
honorific	敬语
hypercorrection pattern	过正模式
hypothesis	假说/假设
identity	认同/身份/同一性
identity of underlying structure	底层结构同一性
ideology	思想意识
idiolect	个人方言
illocutionary force	施事语力
imagined community	想象共同体
imitation principle	模仿原则
implicational hierarchy	蕴含阶梯
independent variable	自变项
indexicality	索引性/指示性
indicator	显现项/指示项
indirect speech act theory	间接言语行为理论
induction	归纳
informal style	非正式语体
informant	发音合作人
in-group	内群体
innovation	创新形式
insertion sequence	插入序列
institution	机构/制度
institutionalization	制度化
institutionalized setting	制度化场合
instrumental motivation	工具性动机
intent	意向/意图
interaction	互动/交往
interactional sociolinguistics	互动社会语言学
interdisciplinary field	交叉学科领域
intergroup model	群际模式
internal constraint	内部制约
internalization	内化
interpersonal rhetoric	人际修辞
interpretation	释义/解读
interpretative frame	释义框架/解读框架
interspeaker variation	人际变异
interview	访谈
intertwined code	交织语码	原书拼作 interwined
intraspeaker variation	个体变异
introspection	内省法
intuition	直觉/语感
isogloss	同言线/等言线
kinship address term	亲属称谓语
L2 motivational self system	二语动机自我系统
language assimilation	语言同化
language attitude	语言态度
language change	语言演变/语言变化
language community	语言社团
language contact	语言接触
language conversion	语言融合
language cultivation	语言培植
language death	语言消亡
language diffusion/language spread	语言传播
language diversion	语言分离
language diversity	语言多样性
language ecology	语言生态
language faculty	语言官能
language human rights	语言人权
language-in-education planning	语言教育规划
language loyalty	语言忠诚
language maintenance	语言保持/语言维护
language management	语言管理
language planning	语言规划
language policy	语言政策
language promotion	语言推广
language purification	语言纯洁
language reform	语言改革
language revival	语言再生
language right	语言权利
language shift	语言转用/语言替换
language standardization	语言标准化
language survival	语言生存
language union	语言联盟
language variation	语言变异
lexical diffusion	词汇扩散
lingua franca	通用语/交际语
linguistic code	语言代码/语码
linguistic competence	语言能力
linguistic environment	语言环境
linguistic geography	语言地理学
linguistic imperialism	语言帝国主义
linguistic insecurity	语言不安全感
linguistic item	语言项目/语项
linguistic market	语言市场
linguistic pattern	语言模式
linguistic phenomenon	语言现象
linguistic repertoire	语库
linguistic structure	语言结构
linguistic unit	语言单位
linguistic variable	语言变项
linguistics	语言学
literacy	读写能力
loanword	借词
local context	即时语境
localization	本地化
localized language	本土化语言
low variety (L)	低变体
macro-sociolinguistics	宏观社会语言学
marked choice	有标记选择
markedness model	标记性模式
marker	标记项
matched-disguise technique	配对变语法
matrix language frame model	主体语言框架模式
maxim of manner	方式准则
maxim of quality	质量准则
maxim of quantity	数量准则
maxim of relevance	关联准则
mechanism	机制/机理
mental activity	心智活动
metaphorical code-switching	喻意型语码转换
methodology	方法学
micro-sociolinguistics	微观社会语言学
minimal pair test	念最小对辨音词
mixed language	混合语
mobility	流动性/移动性
mode	语式
model	模型
moribund language	垂死语言
motivation	动机/动因
multilingualism	多语现象
multiplexity	复合度
negative face	消极面子
negative politeness	消极礼貌
neogrammarians	新语法学派
network strength scale	网络强度尺度
nonce borrowing	临时借用
norm	规范
obligatory rule	强制性规则
observer's paradox	观察者悖论
optional rule	可择性规则
ordered heterogeneity	异质有序
orientation	取向
orthography	正词法
out-group	外群体
overt prestige	显性声望
paradigm	范式
paralanguage	副语言
participant	参与者
participation observation	参与观察法
passage reading style	读短文体
pattern	模式
performance	表演
perspective	视角/角度
philology	语文学
pidgin	皮钦语
pidginization	皮钦化
pilot study	试点研究
politeness principle	礼貌原则
politeness strategy	礼貌策略
positive face	积极面子
positive politeness	积极礼貌
positivism	实证论
power	权势/权力
pragmatics	语用学
preferred sequence	合意序列
prestige language	强势语言
prestige planning	声望规划
presupposition	前设
principle of least effort	省力原则
principle of multiple causes	多因素原则
probability	概率
procedure	程序
productive bilingualism	生产性双语现象
proposition	命题
proto-language	祖语
pseudo-kinship term	拟亲属称呼语
psycholinguistics	心理语言学
qualitative analysis	定性分析
quantitative analysis	定量分析
random sample	随机取样
rank of imposition	强加程度
rapid and anonymous observation	快速隐匿观察法
rationality	理性
real time	真实时间
redressive action	补偿行为
referee design	参照者设计
regional dialect	地域方言
repair system	修正系统
restricted code	局限语码
reversing language shift	逆向语言转用
Sapir-Whorf hypothesis	萨丕尔-沃夫假说
schema	图式
script	脚本
secular linguistics	世俗语言学
self-discrepancy	自我不一致
self-evaluation test	自我评价测验
self-guide	自我导向
self-identity	自我认同
self-translation	自我转换
semantic equivalence	语义对等性
sequential analysis	序列分析
setting/occasion	场合
sex	生理性别
sharp stratification	显著分化
side sequence	分叉序列
situated meaning	情景意义
situation	情景
situational code-switching	情景型语码转换
social action	社会行动
social anthropology	社会人类学
social attribute	社会属性
social behavior	社会行为
social category	社会范畴
social class	社会阶层
social context	社会语境
social dialect/sociolect	社会方言
social distance	社会距离
social factor	社会因素
social identity theory	社会认同理论
social institution	社会制度
social mobility	社会流动性
social network	社会网络
social order	社会秩序
social phenomenon	社会现象
social practice	社会实践
social psychology	社会心理学
social psychology of language	语言社会心理学
social semiotic	社会符号
social significance/social meaning	社会意义
social stratification	社会分层
social structure	社会结构
social variable	社会变项
socialization	社会化
societal bilingualism	社会双语
socioeconomic status	社会经济地位
sociolinguistics	社会语言学
sociolinguistics of distribution	分布性社会语言学
sociolinguistics of globalization	全球化社会语言学
sociolinguistics of mobility	移动性社会语言学
sociology of language	语言社会学
solidarity	同等关系
sound change	音变
source language	源语言
speaking	说话/言谈
speech/parole	言语
speech accommodation theory	言语顺应理论
speech act theory	言语行为理论
speech act/verbal behavior	言语行为
speech activity	言语活动
speech community	言语共同体/社群/社区
speech event	言语事件
speech situation	言语场景
Standard Average European (SAE)	一般标准欧洲语言
standard dialect	标准话
standard language	标准语
statement	陈述
status	地位/状态
status planning	地位规划
stereotype	成见项
stratification	分层
structural unit	结构单位
style	语体/风格
style shifting	语体转换
subjective reaction test	主观反应测试
substratum language	底层语言
subtractive bilingualism	削减性双语现象
superposed variety	高置变体
superstratum language	表层语言
survey	普查
symbolic capital	符号资本
symbolic system	符号系统
systemic functional grammar	系统功能语法
target language	目标语
tenor	语旨
text analysis	篇章分析
text/discourse	语篇
textual rhetoric	语篇修辞
theory	理论
they-code	他方码
threatened language	受威胁语言
transcultural flow	跨文化流变
transfer	迁移
transition	过渡
transition problem	过渡问题
translocal language	超地缘语言
turn	话轮
turn transition relevant place	话轮过渡关联位置
turn-allocation component	话轮分配部分
turn-constructional component	话轮构建部分
turn-taking	话轮转换
turn-taking system	话轮转换体系
uniformitarianism	均变论
unmarked choice	无标记选择
urban dialect	城市方言
urban dialectology	城市方言学
utterance/discourse	话语
variable rule analysis (VARBRUL)	变项规则分析法
variability	变异性
variable	变项/变量/变数
variant	变异形式/变式
variation	变异
variety	变体
verbal communication	言语交际
verbal conflict	言语冲突
verification	验证/证实
vernacular	土语
wave theory	波浪模式
we-code	我方码
word-list reading style	念词表语体
world Englishes	世界英语
world language	全球性语言
register	语域
enregisterment	语域化	Agha
third wave	第三次浪潮	变异研究第三次浪潮
stance	立场
persona	人格形象	也作「人设」
linguistic landscape	语言景观
language ideology	语言意识形态
salience	显著性
sociolinguistic interview	社会语言学访谈
standard variety	标准变体
prestige	声望
accommodation	顺应/适应	言语顺应理论/交际适应理论
vowel shift	元音推移
merger	合并
phonological	音系的
morphosyntactic	形态句法的
mixed-effects model	混合效应模型
fixed effect	固定效应
random effect	随机效应
token	词元
corpus	语料库
